neg_affect,pos_affect,Extraversion,Neuroticism
0.5,1.0,9.0,20.0
0.0,0.25,18.0,8.0
0.0,0.25,19.0,15.0
0.0,1.5,11.0,10.0
0.0,0.0,15.0,11.0
0.0,0.0,21.0,15.0
0.0,0.0,14.0,8.0
0.0,0.0,8.0,7.0
0.0,1.0,12.0,2.0
0.0,0.25,8.0,8.0
0.0,0.0,8.0,4.0
0.3333333333333333,0.0,18.0,12.0
0.0,0.5,16.0,5.0
0.0,0.25,14.0,10.0
0.0,0.0,19.0,3.0
0.3333333333333333,2.0,13.0,14.0
0.0,0.5,16.0,10.0
1.0,0.25,17.0,12.0
0.0,0.0,15.0,8.0
0.0,1.75,17.0,1.0
0.0,0.5,13.0,11.0
0.0,0.0,16.0,12.0
0.0,1.0,12.0,11.0
0.0,0.25,12.0,12.0
0.0,0.75,14.0,14.0
0.0,0.0,9.0,21.0
0.0,1.25,13.0,10.0
0.6666666666666666,1.25,17.0,10.0
0.3333333333333333,0.0,8.0,15.0
0.3333333333333333,0.25,11.0,11.0
0.3333333333333333,0.0,12.0,14.0
0.0,0.25,12.0,15.0
0.3333333333333333,0.0,21.0,3.0
0.0,1.0,15.0,20.0
0.0,0.75,10.0,9.0
0.0,1.75,16.0,7.0
0.0,1.25,16.0,10.0
0.0,0.25,19.0,7.0
0.0,1.25,9.0,13.0
0.3333333333333333,0.0,11.0,12.0
0.0,0.25,15.0,11.0
0.0,1.0,19.0,7.0
0.0,0.25,18.0,14.0
0.0,0.0,9.0,15.0
0.0,1.5,12.0,8.0
0.0,0.0,18.0,5.0
0.0,0.25,12.0,7.0
0.0,0.5,15.0,5.0
1.0,1.25,15.0,14.0
0.6666666666666666,0.0,13.0,18.0
0.0,0.25,19.0,17.0
0.3333333333333333,0.25,9.0,11.0
0.0,0.0,11.0,8.0
0.6666666666666666,0.0,17.0,7.0
0.0,1.0,20.0,7.0
0.0,0.25,19.0,12.0
0.0,0.0,9.0,11.0
0.25,0.75,17.0,6.0
0.0,0.75,18.0,5.0
0.5,0.25,7.0,12.0
0.0,0.5,16.0,7.0
1.0,0.0,7.0,3.0
0.25,0.0,16.0,13.0
0.0,0.5,12.0,8.0
0.0,0.0,14.0,9.0
0.0,0.5,15.0,15.0
0.0,0.0,14.0,14.0
0.0,0.5,7.0,20.0
0.0,0.5,9.0,5.0
0.25,1.0,11.0,4.0
1.0,0.25,11.0,10.0
0.0,0.75,15.0,4.0
0.0,0.0,9.0,11.0
0.25,0.0,19.0,5.0
0.0,0.0,5.0,9.0
1.5,1.0,16.0,12.0
0.0,0.0,12.0,9.0
0.5,0.0,13.0,8.0
0.75,0.0,13.0,11.0
NaN,NaN,6.0,8.0
0.0,0.0,10.0,18.0
0.0,0.0,2.0,20.0
0.0,0.25,11.0,5.0
0.25,0.0,11.0,12.0
0.25,0.0,21.0,5.0
0.5,0.0,14.0,13.0
0.0,0.0,9.0,6.0
0.0,0.5,15.0,12.0
0.0,3.0,18.0,12.0
0.75,0.0,19.0,9.0
0.0,0.25,16.0,4.0
0.25,0.0,6.0,8.0
0.0,0.25,17.0,6.0
0.0,0.25,12.0,11.0
0.0,0.0,11.0,9.0
0.25,0.0,16.0,6.0
0.0,2.0,14.0,1.0
0.0,0.0,17.0,16.0
0.0,0.0,16.0,22.0
0.25,0.25,8.0,10.0
0.0,0.25,14.0,7.0
0.0,0.0,10.0,16.0
0.25,1.0,14.0,11.0
0.5,0.0,15.0,15.0
0.75,1.0,6.0,19.0
0.0,0.25,14.0,6.0
0.5,1.25,14.0,2.0
0.0,1.0,17.0,7.0
0.0,0.0,18.0,8.0
0.0,1.25,16.0,4.0
0.0,0.5,17.0,7.0
0.0,0.25,14.0,8.0
0.5,0.25,12.0,18.0
0.25,1.0,16.0,7.0
0.5,0.5,16.0,17.0
0.25,0.0,14.0,12.0
0.0,0.25,NA,NA
0.0,0.0,NA,NA
0.0,1.0,14.0,3.0
0.75,1.5,10.0,10.0
0.0,0.0,9.0,12.0
0.0,0.25,15.0,13.0
0.0,0.0,15.0,13.0
0.0,0.5,13.0,6.0
0.25,0.25,12.0,19.0
0.0,0.0,15.0,17.0
0.0,0.0,15.0,13.0
0.0,0.75,17.0,8.0
0.25,0.25,19.0,15.0
0.25,0.75,21.0,6.0
0.0,0.25,6.0,12.0
0.25,0.0,15.0,2.0
0.5,1.75,6.0,18.0
0.0,0.0,NA,NA
0.75,1.25,12.0,10.0
0.5,0.0,6.0,13.0
0.0,1.0,11.0,13.0
0.0,0.25,12.0,13.0
0.25,1.25,13.0,8.0
0.0,0.75,12.0,6.0
0.0,0.25,9.0,1.0
0.0,0.0,17.0,10.0
2.0,0.5,6.0,14.0
0.0,1.0,17.0,7.0
0.0,0.25,14.0,8.0
0.0,0.25,16.0,10.0
0.0,0.0,16.0,5.0
0.0,1.25,12.0,12.0
0.25,0.0,10.0,18.0
0.0,0.25,15.0,1.0
0.0,3.0,13.0,0.0
0.25,0.25,13.0,10.0
0.25,1.25,15.0,3.0
0.0,0.25,7.0,11.0
0.0,0.0,13.0,12.0
0.25,0.25,7.0,14.0
0.0,0.0,11.0,13.0
0.0,0.0,13.0,8.0
0.0,0.0,12.0,11.0
0.5,0.5,13.0,8.0
0.0,1.0,16.0,12.0
0.0,0.0,14.0,10.0
0.0,0.0,9.0,12.0
2.5,0.0,14.0,16.0
0.0,0.75,20.0,4.0
0.5,0.5,15.0,3.0
0.0,0.5,11.0,6.0
0.0,0.0,11.0,16.0
0.25,0.25,6.0,6.0
0.5,0.25,12.0,14.0
0.25,1.0,11.0,2.0
0.0,0.0,17.0,8.0
0.75,0.5,3.0,10.0
0.0,0.5,20.0,7.0
0.75,0.0,7.0,11.0
0.0,0.0,17.0,13.0
0.5,2.0,3.0,0.0
1.75,0.3333333333333333,12.0,12.0
0.6666666666666666,1.0,12.0,19.0
0.0,0.75,13.0,11.0
0.3333333333333333,0.75,16.0,17.0
0.0,0.0,11.0,15.0
0.0,1.5,16.0,8.0
0.0,0.75,9.0,1.0
0.0,0.0,16.0,8.0
0.0,1.5,17.0,11.0
1.6666666666666667,0.25,16.0,20.0
0.0,1.25,16.0,5.0
0.0,1.5,17.0,11.0
0.0,0.75,9.0,6.0
0.0,2.0,21.0,6.0
0.3333333333333333,0.0,10.0,18.0
0.3333333333333333,1.0,6.0,19.0
0.0,0.25,14.0,15.0
0.0,1.25,10.0,5.0
0.5,0.75,10.0,18.0
0.0,1.25,6.0,7.0
0.0,0.75,15.0,8.0
0.0,0.75,16.0,8.0
0.0,0.0,19.0,4.0
0.25,0.0,11.0,20.0
0.0,0.0,16.0,10.0
0.5,0.0,7.0,16.0
2.25,1.0,11.0,13.4
1.0,1.5,16.0,6.0
0.0,0.0,10.0,11.0
0.0,0.25,12.0,10.0
0.25,1.25,7.0,5.0
0.25,0.0,13.0,11.0
0.0,1.25,17.0,11.0
0.75,0.5,12.0,14.0
0.0,0.5,18.0,4.0
0.0,0.0,14.0,2.0
0.25,1.5,16.0,6.0
0.0,1.0,8.0,10.0
0.0,0.75,15.0,5.0
0.75,1.0,17.0,10.0
0.0,0.5,16.0,7.0
0.0,0.25,13.0,4.0
0.5,1.0,10.0,7.0
0.25,0.75,9.0,8.0
0.5,1.5,16.0,7.0
0.0,0.0,14.0,11.0
0.25,0.5,11.0,14.0
0.6666666666666666,0.25,6.0,17.0
0.0,0.5,17.0,4.0
0.0,1.0,12.0,6.0
0.0,0.0,8.0,14.0
0.0,0.0,15.0,17.0
0.6666666666666666,0.5,9.0,9.0
0.0,0.0,12.0,9.0
0.0,0.75,17.0,11.0
0.0,0.0,12.0,15.0
0.0,0.5,14.0,4.0
0.0,0.25,13.0,13.0
0.0,0.25,15.0,6.0
0.0,1.5,15.0,15.0
0.0,0.0,13.0,5.0
1.0,1.5,15.0,2.0
0.0,0.5,15.0,1.0
0.0,0.75,10.0,12.0
0.0,0.0,15.0,5.0
0.3333333333333333,0.25,16.0,13.0
0.0,0.0,12.0,10.0
0.0,0.0,12.0,15.0
0.0,0.0,13.0,9.0
0.0,1.0,15.0,10.0
0.0,1.5,14.0,11.0
0.0,0.5,18.0,5.0
0.0,1.0,12.0,14.0
0.0,0.0,8.0,7.0
0.0,0.0,14.0,9.0
0.0,0.5,13.0,9.0
0.0,0.75,15.0,10.0
0.0,0.0,15.0,13.0
0.0,0.0,8.0,15.0
0.0,0.0,13.0,6.0
0.0,0.25,5.0,17.0
0.0,0.5,16.0,4.0
0.0,0.5,10.0,15.0
0.3333333333333333,1.5,8.0,12.0
0.6666666666666666,2.75,18.0,11.0
0.0,1.0,4.0,12.0
0.0,0.75,13.0,13.0
0.0,0.25,17.0,3.0
0.0,0.0,12.0,16.0
0.0,1.25,12.0,11.0
0.0,0.75,8.0,13.0
0.0,1.25,8.0,5.0
0.0,0.0,10.0,5.0
0.0,1.25,14.0,14.0
0.0,0.0,3.0,9.0
0.0,0.75,16.0,10.0
0.0,0.5,16.0,5.0
0.0,0.25,10.0,9.0
0.0,1.5,18.0,6.0
0.0,1.0,11.0,12.0
0.0,0.75,9.0,21.0
0.25,0.0,10.0,5.0
0.0,0.25,12.0,11.0
0.0,0.25,16.0,5.0
0.5,1.0,6.0,16.0
0.0,1.0,16.0,8.0
0.5,0.25,19.0,18.0
0.25,0.75,16.0,11.0
0.25,0.75,17.0,12.0
0.5,0.0,18.0,19.0
0.0,1.75,18.0,11.0
0.25,0.25,15.0,5.0
0.0,2.0,16.0,7.0
0.0,0.0,22.0,11.0
0.0,0.5,17.0,8.0
0.25,0.5,9.0,14.0
0.0,0.5,17.0,3.0
0.0,1.0,19.0,9.0
0.0,1.5,14.0,10.0
0.0,0.0,10.0,9.0
0.0,0.5,11.0,11.0
1.0,1.25,16.0,15.0
0.3333333333333333,0.75,16.0,9.0
0.3333333333333333,0.0,14.0,11.0
0.6666666666666666,1.25,2.0,10.0
0.0,0.25,16.0,13.0
0.0,1.25,17.0,5.0
0.0,2.25,16.0,7.0
0.0,0.0,7.0,6.0
0.0,0.5,15.0,9.0
0.0,0.0,13.0,5.0
0.0,0.0,7.0,13.0
0.0,2.0,21.0,7.0
0.0,0.25,19.0,5.0
0.3333333333333333,1.75,9.0,14.0
0.0,0.75,16.0,4.0
0.0,0.25,19.0,22.0
0.0,0.75,13.0,14.0
0.0,2.0,14.0,5.0
0.0,0.0,15.0,10.0
2.3333333333333335,0.0,16.0,11.0
0.0,1.0,13.0,11.0
0.0,0.0,14.0,8.0
0.0,0.0,9.0,7.0
0.0,0.0,8.0,15.0
0.0,1.5,13.0,3.0
0.0,0.0,13.0,16.0
0.0,0.0,4.0,13.0
0.0,0.5,19.0,2.0
0.0,0.0,13.0,4.0
0.3333333333333333,0.75,14.0,12.0
0.0,0.0,14.0,14.0
0.0,1.0,16.0,8.0
0.0,0.0,10.0,12.0
0.0,0.25,12.0,11.0
0.0,1.0,11.0,7.0
0.0,1.0,16.0,3.0
0.0,0.0,17.0,7.0
0.0,0.0,10.0,14.0
0.0,0.0,13.0,19.0
0.0,2.25,15.0,10.0
0.3333333333333333,0.5,13.0,5.0
0.5,0.75,10.0,9.0
0.0,1.25,9.0,18.0
0.0,0.0,18.0,5.0
0.6666666666666666,1.75,16.0,6.0
0.0,0.0,9.0,5.0
0.0,0.5,14.0,13.0
2.0,0.0,7.0,18.0
0.0,0.0,11.0,18.0
0.0,1.0,11.0,0.0
0.0,0.0,16.0,8.0
0.0,0.0,11.0,18.0
0.0,0.0,12.0,6.0
0.0,0.75,18.0,12.0
0.0,0.25,18.0,10.0
0.0,1.0,17.0,4.0
0.0,0.5,15.0,1.0
0.0,1.75,14.0,13.0
0.0,0.75,19.0,2.0
0.0,1.75,12.0,10.0
0.0,0.0,13.0,5.0
0.0,0.0,16.0,4.0
0.0,0.0,16.0,8.0
0.0,0.25,17.0,6.0
0.0,0.0,15.0,14.0
0.0,0.25,17.0,10.0
0.6666666666666666,0.5,11.0,22.0
1.3333333333333333,1.5,9.0,16.0
0.0,1.0,7.0,1.0
0.3333333333333333,0.25,17.0,20.0
0.0,0.0,16.0,8.0
0.0,0.0,17.0,16.0
0.0,0.0,8.0,23.0
0.0,0.5,12.0,13.0
0.0,0.75,16.0,12.0
0.0,0.0,5.0,13.0
0.0,0.5,13.0,7.0
0.0,0.5,9.0,9.0
0.3333333333333333,0.25,12.0,7.0
0.0,1.25,15.0,14.0
0.3333333333333333,1.25,16.0,15.0
0.3333333333333333,0.0,7.0,20.0
0.0,1.0,12.0,10.0
0.0,0.75,21.0,11.0
0.0,1.5,15.0,5.0
0.0,0.0,2.0,4.0
0.3333333333333333,1.5,18.0,13.0
0.0,2.5,8.0,2.0
0.0,0.75,15.0,9.0
0.3333333333333333,0.0,16.0,9.0
0.0,0.0,6.0,16.0
0.3333333333333333,1.5,12.0,9.0
0.0,0.0,13.0,4.0
0.0,1.75,12.0,1.0
0.0,0.5,14.0,15.0
0.0,0.0,8.0,15.0
0.0,0.0,7.0,24.0
0.0,0.0,19.0,8.0
0.0,0.25,15.0,7.0
0.3333333333333333,1.25,14.0,16.0
0.0,0.25,14.0,12.0
0.0,0.25,21.0,10.0
0.0,0.25,14.0,15.0
0.0,0.75,7.0,3.0
0.3333333333333333,1.25,17.0,8.0
0.0,1.5,20.0,16.0
0.0,0.0,14.0,14.0
0.0,0.0,16.0,8.0
0.3333333333333333,1.75,10.0,20.0
0.0,0.0,13.0,18.0
0.0,0.5,18.0,16.0
0.0,0.5,19.0,10.0
0.0,1.0,21.0,0.0
0.0,0.75,18.0,12.0
0.0,0.0,18.0,6.0
0.0,1.75,15.0,3.0
0.0,0.25,12.0,8.0
0.0,0.0,6.0,8.0
0.0,2.0,10.0,18.0
0.3333333333333333,1.75,15.0,5.0
0.0,2.5,18.0,3.0
0.0,0.0,12.0,11.0
0.0,2.0,19.0,16.0
0.0,0.0,17.0,6.0
0.0,0.0,17.0,9.0
0.0,1.0,14.0,10.0
0.0,1.0,10.0,2.0
0.0,1.0,17.0,11.0
0.0,0.0,14.0,15.0
0.0,0.25,12.0,15.0
0.0,0.25,12.0,11.0
0.6666666666666666,0.5,9.0,8.0
0.0,0.0,15.0,3.0
1.0,0.0,17.0,6.0
0.0,0.75,11.0,9.0
0.0,1.25,19.0,14.0
0.0,0.25,8.0,16.0
0.0,0.0,9.0,22.0
0.0,1.0,13.0,3.0
0.3333333333333333,0.0,17.0,10.0
0.0,0.25,11.0,9.0
0.0,1.0,18.0,6.0
0.6666666666666666,0.25,5.0,12.0
0.0,0.25,19.0,9.0
0.3333333333333333,0.75,7.0,15.0
0.3333333333333333,0.25,12.0,11.0
0.0,1.0,8.0,10.0
1.3333333333333333,2.0,11.0,14.0
0.0,0.0,16.0,3.0
0.0,3.0,13.0,3.0
0.5,2.0,16.0,15.0
0.25,1.75,15.5,11.0
0.0,2.0,17.0,2.0
1.0,1.5,7.0,17.0
0.25,0.0,16.0,13.0
0.0,0.25,13.0,12.0
0.0,0.5,16.0,18.0
0.0,0.25,13.0,7.0
0.0,0.25,6.0,9.0
0.0,0.25,13.0,12.0
0.0,0.75,13.0,21.0
0.5,0.25,18.0,10.0
0.0,0.0,16.0,9.0
0.5,0.0,11.0,7.0
0.0,1.25,4.0,9.0
0.0,1.0,16.0,9.0
0.25,0.5,15.0,13.0
0.25,0.0,12.0,8.0
0.25,0.5,10.0,14.0
0.25,0.75,20.0,10.0
2.0,0.0,15.5,16.0
0.25,0.75,3.0,14.0
0.5,2.0,6.0,13.0
1.0,2.25,12.0,5.0
0.0,0.0,14.0,8.0
0.25,0.25,12.0,10.0
0.0,0.25,6.0,13.0
0.25,0.0,13.0,12.0
0.0,0.0,16.0,10.0
0.0,0.25,8.0,8.0
0.25,0.25,18.0,5.0
0.0,1.0,16.0,8.0
0.0,1.0,9.0,5.0
0.25,2.25,13.5,10.3
0.0,0.25,5.0,8.0
1.0,1.25,8.0,18.0
0.0,1.0,17.0,3.0
0.0,0.25,10.0,19.4
0.25,1.0,13.0,3.0
1.25,0.25,10.0,8.0
0.0,1.75,17.0,8.0
0.0,0.0,8.0,20.0
0.0,3.0,15.0,6.0
0.75,0.25,15.0,18.0
0.0,0.5,13.0,14.0
0.0,3.0,17.0,10.0
0.5,0.0,15.0,15.3
0.0,1.5,7.0,14.0
0.0,1.25,14.0,5.0
0.5,0.75,7.0,12.0
0.0,1.5,16.0,15.0
0.0,0.25,12.0,18.0
0.0,0.0,15.0,10.0
0.25,0.75,14.0,5.0
0.5,2.0,18.0,6.0
0.25,0.0,13.0,10.0
0.5,0.5,12.0,23.0
0.0,0.0,12.0,20.0
0.0,0.0,14.0,18.0
0.0,0.25,18.0,8.0
0.5,0.0,12.0,15.0
0.75,0.5,15.0,17.0
0.25,0.0,15.0,20.0
0.0,0.75,11.0,7.0
0.25,0.75,16.0,4.0
0.25,1.0,11.0,11.0
0.0,0.0,18.0,8.0
0.25,0.75,7.0,3.0
0.75,1.25,15.0,7.0
0.5,2.25,6.0,9.0
0.25,0.75,14.0,13.0
0.5,1.75,13.0,9.0
0.0,0.0,4.0,14.0
0.75,1.25,16.0,19.0
0.0,0.0,17.0,10.0
0.25,1.5,13.0,1.0
0.0,1.0,11.0,12.0
0.25,2.5,18.0,12.0
0.25,0.25,18.0,9.0
0.25,0.5,15.0,6.0
0.0,0.75,16.0,5.0
0.75,0.0,16.0,18.0
0.3333333333333333,1.5,17.0,4.0
0.0,0.75,15.0,20.0
0.0,1.5,13.0,13.0
0.0,2.0,5.0,15.0
0.0,1.0,14.0,18.0
0.0,0.0,16.0,10.0
0.0,1.25,17.0,11.0
0.0,1.5,5.0,5.0
1.0,0.75,8.0,17.0
0.6666666666666666,0.0,18.0,16.0
0.0,2.0,19.0,0.0
0.0,1.5,12.0,12.0
0.0,0.5,17.0,7.0
0.0,1.25,12.0,9.0
0.0,1.75,16.0,10.0
0.0,1.25,14.0,13.0
0.0,0.5,10.0,4.0
0.6666666666666666,0.25,13.0,6.0
0.0,0.75,15.0,10.0
0.6666666666666666,0.5,NA,NA
0.75,1.0,21.0,4.0
0.0,0.0,18.0,12.0
0.25,1.25,22.0,9.0
0.25,2.75,13.0,13.0
0.25,0.25,14.0,9.0
0.25,0.75,11.0,2.0
0.0,0.0,14.0,6.0
0.0,0.5,14.0,9.0
0.3333333333333333,0.0,14.0,8.0
0.0,0.0,15.0,7.0
0.5,0.25,7.0,17.0
0.0,0.75,10.0,14.0
0.0,1.75,18.0,10.0
0.5,1.0,17.0,10.0
0.0,1.0,15.0,15.0
0.0,0.5,13.0,10.0
0.0,1.5,15.0,5.0
0.0,1.0,12.0,9.0
0.0,2.5,18.0,9.0
0.25,0.75,16.0,12.0
1.75,0.0,14.0,2.0
0.0,0.0,6.0,15.0
0.0,0.5,15.0,12.0
0.0,0.0,15.0,2.0
0.25,1.75,19.0,3.0
0.0,1.0,15.0,7.0
0.0,0.25,11.0,13.0
0.5,0.0,16.0,18.0
0.0,2.25,17.0,11.0
0.0,0.0,13.0,12.0
1.0,1.25,19.0,13.0
0.5,0.0,12.0,13.0
0.0,0.5,14.0,12.0
0.0,1.75,11.0,8.0
1.0,2.0,17.0,13.0
0.0,2.25,18.0,6.0
0.0,0.0,16.0,3.0
0.25,0.25,15.0,13.0
0.5,1.75,13.0,10.0
0.0,1.0,12.0,2.0
0.0,2.25,16.0,7.0
0.5,2.75,10.0,2.0
0.0,0.5,13.0,19.0
0.75,2.25,14.0,12.0
0.0,0.5,21.0,9.0
0.0,1.0,19.0,5.0
0.0,0.0,20.0,16.0
0.5,1.5,15.0,13.0
0.5,0.25,11.0,10.0
0.0,0.0,18.0,9.0
0.25,1.25,14.0,15.0
0.0,0.5,13.0,7.0
0.25,0.75,15.0,4.0
0.75,0.75,8.0,15.0
0.75,0.5,17.0,4.0
1.5,1.5,12.0,15.0
0.0,0.75,16.0,6.0
0.0,1.0,14.0,2.0
0.3333333333333333,0.0,13.0,8.0
0.0,1.75,18.0,9.0
0.0,0.5,20.0,9.0
0.0,1.5,10.0,6.0
0.0,0.25,11.0,3.0
0.0,0.25,13.0,6.0
0.75,1.5,17.0,20.0
0.25,0.0,14.0,9.0
0.0,0.0,9.0,10.0
0.25,1.5,20.0,7.0
0.0,1.75,7.0,4.0
0.0,2.0,15.0,8.0
0.5,1.5,6.0,8.0
0.5,1.0,8.0,13.0
0.0,0.0,8.0,20.0
0.0,0.5,12.0,5.0
0.0,0.0,5.0,4.0
0.5,0.75,15.0,15.0
0.5,2.25,12.0,9.0
0.0,0.0,20.0,10.0
0.5,0.25,8.0,17.0
0.5,0.0,5.0,9.0
0.0,0.0,7.0,5.0
0.5,1.75,14.0,14.0
0.0,1.25,16.0,0.0
0.0,0.25,10.0,8.0
0.0,0.0,6.0,5.0
1.5,1.5,13.0,12.0
0.0,1.0,12.0,7.0
0.0,1.25,14.0,7.0
0.5,1.75,11.0,1.0
1.75,0.75,21.0,13.0
0.0,1.75,14.0,10.0
0.0,2.5,15.0,6.0
0.0,0.0,12.0,4.0
0.0,0.75,11.0,11.0
0.0,0.5,17.0,18.0
0.5,0.75,15.0,15.0
0.25,1.0,10.0,11.0
0.25,1.5,20.0,3.0
0.0,0.25,13.0,4.0
0.0,0.25,12.0,7.0
2.5,2.5,17.0,15.0
0.0,0.75,11.0,4.0
0.3333333333333333,2.25,19.0,8.0
0.0,0.5,19.0,8.0
0.0,0.0,13.0,4.0
0.0,1.25,15.0,14.0
0.0,0.5,10.0,5.0
0.0,1.5,11.0,6.0
0.0,1.0,13.0,6.0
0.0,0.5,5.0,15.0
0.0,0.5,10.0,11.0
0.6666666666666666,0.75,16.0,6.0
0.0,0.25,14.0,14.0
0.0,0.0,4.0,13.0
0.0,1.75,11.0,4.0
0.3333333333333333,0.5,8.0,9.0
0.0,2.25,18.0,2.0
0.0,0.0,7.0,16.0
0.0,0.5,15.0,14.0
0.3333333333333333,0.25,17.0,15.0
0.0,0.25,11.0,15.0
0.25,1.25,9.0,15.0
0.0,0.25,12.0,12.0
0.0,0.5,18.0,3.0
1.5,0.25,13.0,10.0
0.0,0.0,9.0,9.0
0.5,0.0,20.0,18.0
0.0,0.0,19.0,13.0
0.25,1.25,8.0,13.0
0.75,0.0,15.0,17.0
0.25,0.0,17.0,13.0
0.0,0.0,18.0,14.0
1.0,0.0,10.0,14.0
2.0,0.0,2.0,19.0
0.0,1.75,15.0,15.0
0.0,0.25,15.0,5.0
0.0,2.25,18.0,9.0
1.25,1.75,5.0,16.0
0.75,0.0,6.0,20.0
0.5,0.25,20.0,15.0
0.0,0.75,11.0,6.0
0.0,0.25,15.0,18.0
0.75,0.5,12.0,11.0
0.0,0.0,16.0,11.0
0.3333333333333333,0.25,8.0,8.0
0.0,0.25,6.0,12.0
0.3333333333333333,0.25,15.0,5.0
0.0,1.75,11.0,3.0
0.0,1.75,20.0,3.0
0.0,0.25,23.0,2.0
0.0,1.5,5.0,9.0
0.25,3.0,19.0,9.0
1.0,1.0,10.0,13.0
0.5,1.0,6.0,12.0
1.0,0.0,18.0,10.0
0.25,0.0,11.0,10.0
0.0,0.25,12.0,8.0
0.0,0.25,10.0,10.0
0.0,2.5,13.0,6.0
0.0,0.0,6.0,14.0
0.5,2.5,18.0,2.0
0.0,0.0,15.0,12.0
0.25,1.75,16.0,4.0
0.0,1.25,14.0,5.0
0.0,0.5,9.0,13.0
0.0,0.5,13.0,10.0
1.0,0.0,19.0,6.0
0.25,3.0,17.0,7.0
0.0,0.0,11.0,10.0
0.25,2.0,14.0,8.0
0.75,0.0,15.0,13.0
0.75,1.0,15.0,6.0
0.25,1.5,14.0,17.0
0.0,1.25,13.0,9.0
0.5,1.5,11.0,9.0
0.25,1.25,15.0,9.0
0.25,1.75,16.0,5.0
0.0,1.5,21.0,6.0
0.0,0.0,13.0,11.0
0.5,1.5,22.0,15.0
0.0,0.0,19.0,12.0
0.25,0.75,7.0,8.0
0.75,0.5,10.0,18.0
0.25,0.0,9.0,22.0
0.0,1.25,11.0,11.0
0.0,1.25,6.0,15.0
0.0,0.0,18.0,9.0
0.5,2.75,18.0,9.0
0.0,1.25,18.0,4.0
0.0,1.25,15.0,6.0
0.25,0.25,6.0,14.0
0.0,0.0,7.0,9.0
0.25,1.5,15.0,17.0
0.0,0.75,15.0,11.0
0.5,0.5,20.0,18.0
1.0,2.5,17.0,20.0
0.25,1.0,12.0,4.2
0.0,0.5,19.0,9.0
0.0,1.5,20.0,10.0
0.0,2.5,15.0,5.0
0.6666666666666666,0.0,18.0,12.0
0.3333333333333333,0.0,14.0,4.0
0.0,0.5,18.0,12.0
0.6666666666666666,0.75,5.0,13.0
0.0,1.0,10.0,13.0
0.0,0.0,21.0,9.0
0.0,0.0,11.0,15.0
0.3333333333333333,0.0,14.0,9.0
0.0,2.25,14.0,5.0
0.0,0.25,3.0,17.0
0.0,0.0,16.0,8.0
0.0,0.25,18.0,7.0
0.0,0.0,9.0,10.0
0.0,0.75,13.0,10.0
0.0,0.5,9.0,17.0
0.3333333333333333,0.75,6.0,8.0
0.0,0.0,6.0,15.0
0.0,1.25,8.0,6.0
0.0,1.0,9.0,12.0
0.0,1.25,14.0,15.0
0.0,0.5,18.0,13.0
0.0,1.0,16.0,13.0
0.0,1.5,13.0,7.0
0.0,0.0,6.0,9.0
0.0,2.75,14.0,23.0
0.0,1.25,13.0,10.0
0.6666666666666666,0.0,12.0,20.0
1.0,1.25,15.0,20.0
0.75,0.25,17.0,13.0
0.75,0.25,12.0,13.0
0.0,0.25,17.0,14.0
1.0,0.0,5.0,14.0
0.75,0.25,18.0,9.0
1.5,0.75,12.0,19.0
0.0,0.0,7.0,22.0
0.75,0.25,6.0,17.0
0.0,0.0,5.0,19.0
0.0,0.0,14.0,6.0
0.75,0.0,13.0,12.0
0.25,0.0,14.0,17.0
0.5,0.0,6.0,14.0
0.5,0.5,21.0,5.0
0.0,1.5,9.0,19.0
0.25,0.0,8.0,9.0
0.0,0.0,10.0,15.0
0.0,1.5,13.0,15.0
0.25,0.0,18.0,14.0
0.0,0.0,13.0,5.0
0.0,0.0,11.0,11.0
0.0,1.25,16.0,7.0
0.0,0.25,10.0,15.0
0.0,0.0,12.0,6.0
0.3333333333333333,0.0,17.0,3.0
0.3333333333333333,0.5,12.0,1.0
1.0,1.75,15.0,10.0
0.0,0.75,20.0,11.0
0.0,0.0,8.0,9.0
0.0,1.0,16.0,7.0
0.0,2.0,15.0,7.0
0.0,1.75,16.0,17.0
0.6666666666666666,1.75,17.0,8.0
0.0,1.75,17.0,9.0
0.3333333333333333,0.0,18.0,10.0
0.0,3.0,13.0,6.0
0.0,0.25,6.0,15.0
0.0,0.5,12.0,15.0
0.0,0.0,12.0,17.0
0.0,0.75,16.0,17.0
0.0,0.0,5.0,11.0
0.0,1.0,17.0,15.0
0.0,0.25,19.0,6.0
0.0,1.25,9.0,15.0
0.0,0.5,15.0,11.0
0.0,0.25,17.0,10.0
0.0,1.75,8.0,6.0
0.0,0.0,17.0,12.0
0.3333333333333333,1.0,17.0,9.0
0.0,0.5,15.0,17.0
0.0,0.25,14.0,15.0
0.0,0.75,19.0,8.0
0.0,1.25,19.0,4.0
0.3333333333333333,1.25,16.0,13.0
1.3333333333333333,1.0,5.0,15.0
0.0,0.5,17.0,5.0
1.3333333333333333,1.25,12.0,16.0
0.6666666666666666,0.5,11.0,17.0
0.0,0.5,15.0,6.0
0.3333333333333333,1.0,16.0,14.0
0.0,1.75,10.0,3.0
0.6666666666666666,0.5,18.0,14.0
0.0,3.0,12.0,7.0
2.0,1.0,14.0,16.0
0.3333333333333333,0.25,11.0,4.0
0.0,0.75,12.0,8.0
0.75,1.0,18.0,14.0
0.25,2.0,16.0,10.0
0.0,0.0,13.0,10.0
0.0,3.0,12.0,10.0
0.25,3.0,15.0,2.0
0.0,0.25,14.0,18.0
1.5,0.0,11.0,17.0
1.25,0.0,16.0,13.0
0.0,0.25,14.0,10.0
0.0,0.0,6.0,18.0
0.25,0.25,17.0,12.0
0.5,2.0,14.0,7.0
0.25,0.0,13.0,13.0
0.75,0.0,8.0,11.0
0.5,0.5,22.0,12.0
0.0,0.75,14.0,9.0
0.0,0.0,16.0,12.0
0.5,0.0,18.0,10.0
1.25,0.75,19.0,9.0
1.0,0.0,13.0,18.0
0.5,0.75,14.0,19.0
0.25,0.0,9.0,19.0
0.0,0.5,17.0,13.0
1.5,0.25,18.0,9.0
1.5,0.0,17.0,8.0
0.5,0.5,6.0,8.0
0.0,1.75,5.0,15.0
0.0,0.75,20.0,7.0
0.0,0.75,13.0,4.0
0.0,0.75,15.0,7.0
2.0,0.25,2.0,17.0
0.0,0.0,4.0,11.0
0.3333333333333333,1.75,16.0,10.0
0.0,0.0,23.0,15.0
0.0,1.25,13.0,3.0
1.25,1.0,17.0,11.0
0.0,1.75,10.0,16.0
1.25,1.0,14.0,20.0
0.75,0.25,9.0,15.0
2.5,0.0,6.0,21.0
1.25,0.25,9.0,10.0
0.5,1.75,21.0,16.0
1.25,0.0,4.0,17.0
0.0,0.75,12.0,8.0
0.25,0.0,13.0,6.0
0.75,2.0,18.0,7.0
0.0,1.75,13.0,9.0
0.0,1.75,17.0,5.0
0.0,0.75,6.0,11.0
0.25,1.0,16.0,11.0
0.25,0.0,9.0,8.0
0.0,0.0,14.0,17.0
0.25,2.25,18.0,9.0
0.0,0.0,5.0,18.0
0.25,0.25,13.0,6.0
0.0,0.25,7.0,18.0
0.0,0.0,18.0,14.0
0.25,0.25,18.0,15.0
0.0,0.5,16.0,11.0
0.25,1.25,10.0,10.0
0.0,0.0,13.0,15.0
0.0,0.75,14.0,14.0
1.0,0.25,7.0,17.0
0.25,0.75,16.0,9.0
0.0,0.0,7.0,11.0
0.0,0.0,13.0,15.0
0.25,1.25,12.0,11.0
0.0,0.25,7.0,16.0
0.0,0.75,19.0,11.0
0.25,0.5,16.0,11.0
0.5,0.25,11.0,15.0
0.0,0.0,7.0,14.0
0.0,0.0,18.0,12.0
0.0,1.75,11.0,11.0
0.5,1.5,10.0,16.0
0.25,1.25,11.0,7.0
0.0,0.25,7.0,7.0
0.0,0.0,5.0,21.0
0.0,0.5,19.0,5.0
0.5,0.25,18.0,7.0
0.5,1.25,21.0,13.0
0.0,1.75,10.0,4.0
0.0,1.0,13.0,2.0
0.25,0.5,19.0,16.0
0.0,0.5,18.1,9.1
0.75,0.75,7.0,13.0
0.25,0.75,9.0,16.0
0.25,0.75,16.0,16.0
1.0,0.0,4.0,16.0
0.25,0.25,14.0,11.0
0.0,0.25,9.0,6.0
1.5,0.75,10.0,6.0
0.0,0.0,14.0,14.0
1.0,0.75,11.0,4.0
0.0,1.0,6.0,3.0
0.0,0.5,10.0,11.0
0.25,1.5,18.0,17.0
0.0,0.25,19.0,5.0
0.0,1.5,18.0,9.0
1.25,2.5,15.0,16.0
0.0,2.75,13.0,1.0
0.25,0.25,16.0,14.0
0.25,0.0,10.0,11.0
0.5,0.75,12.0,12.0
1.0,1.0,4.0,12.0
0.25,1.5,3.0,7.0
1.75,0.0,15.0,15.0
1.25,1.25,11.0,4.0
0.25,0.25,20.0,14.0
0.25,0.25,18.0,17.0
0.0,0.5,17.0,0.0
0.0,0.0,11.0,8.0
0.5,0.0,15.0,16.0
0.25,0.0,14.0,8.0
0.0,0.5,13.0,9.0
0.0,1.0,18.0,19.0
0.0,0.0,13.0,13.0
0.0,2.0,13.0,3.0
0.0,0.0,6.0,11.0
0.0,1.5,11.0,15.0
0.0,0.5,10.0,14.0
0.0,1.0,13.0,8.0
0.0,1.0,20.0,1.0
0.25,0.5,9.0,8.0
1.75,1.5,11.0,15.0
0.0,0.75,10.0,12.0
0.0,0.25,5.0,3.0
0.0,0.0,16.0,20.0
0.0,0.25,12.0,17.0
1.0,1.0,9.0,13.0
2.25,0.0,17.0,16.0
0.0,1.5,17.0,7.0
0.5,0.0,17.0,4.0
1.0,0.25,16.0,16.0
0.0,1.0,19.0,6.0
0.5,0.5,10.0,9.0
0.0,0.75,14.0,14.0
0.0,0.0,15.0,5.0
0.75,1.0,14.0,15.0
0.0,1.5,10.0,8.0
0.0,0.0,12.0,4.0
0.0,0.0,18.0,11.0
0.3333333333333333,0.5,6.0,16.0
0.0,0.5,6.0,3.0
0.3333333333333333,0.0,9.0,17.0
0.0,0.0,9.0,19.0
0.0,1.75,14.0,4.0
0.0,2.0,13.0,5.0
0.0,1.5,15.0,8.0
0.0,0.5,11.0,4.0
0.0,1.75,16.0,8.0
0.0,1.5,17.0,8.0
0.0,1.25,8.0,17.0
0.0,0.25,10.0,15.0
0.0,1.5,20.0,5.0
0.0,0.0,10.0,14.0
0.0,0.0,19.0,10.0
0.0,1.25,14.0,11.0
0.0,0.25,14.0,6.0
0.5,0.0,6.0,18.0
0.0,0.5,7.0,15.0
0.0,0.0,7.0,12.0
0.0,0.0,13.0,14.0
0.0,1.0,10.0,4.0
0.0,3.0,11.0,7.0
0.25,0.25,8.0,14.0
0.5,1.0,14.0,12.0
0.0,0.25,12.0,11.0
0.25,0.75,6.0,15.0
0.0,0.25,8.0,4.0
0.25,0.5,16.0,10.0
0.0,0.0,16.0,6.0
0.0,0.75,16.0,15.0
0.0,0.0,12.0,14.0
0.0,0.75,15.0,2.0
0.0,0.5,10.0,8.0
0.0,0.0,14.0,10.0
0.0,1.0,13.0,4.0
0.0,1.25,19.0,12.0
0.0,0.25,16.0,16.0
0.0,0.5,13.0,6.0
0.0,0.25,12.0,10.0
0.3333333333333333,1.0,13.0,16.0
1.0,2.0,4.0,18.0
0.0,1.25,14.0,13.0
0.0,0.5,17.0,6.0
0.0,1.0,14.0,12.0
0.0,0.0,14.0,14.0
0.0,0.5,11.0,6.0
0.0,0.5,16.0,9.0
0.3333333333333333,2.0,16.0,9.0
0.0,0.0,9.0,18.0
0.0,1.0,8.0,1.0
0.0,2.25,14.0,12.0
0.6666666666666666,0.0,17.0,14.0
0.0,0.0,18.0,10.0
1.0,0.75,18.0,18.0
0.0,2.25,12.0,11.0
0.0,0.0,9.0,6.0
0.0,1.5,13.0,6.0
0.0,0.0,13.0,3.0
0.0,0.0,13.0,9.0
0.0,1.25,14.0,9.0
0.0,2.0,12.0,16.0
0.0,1.25,11.0,5.0
0.0,0.75,18.0,2.0
0.0,0.5,12.0,10.0
0.0,0.0,16.0,12.0
0.25,0.75,12.0,12.0
0.5,0.75,17.0,5.0
0.0,0.25,14.0,6.0
0.25,1.5,15.0,3.0
0.25,0.75,7.0,6.0
0.5,1.25,21.0,17.0
1.0,0.5,10.0,17.0
0.0,0.25,19.0,11.0
0.25,1.75,13.0,11.0
0.0,0.25,15.0,14.0
0.25,0.25,17.0,15.0
0.5,0.5,20.0,7.0
0.25,1.5,14.0,5.0
0.0,0.0,13.0,8.0
0.5,0.0,5.0,22.0
0.25,0.25,7.0,16.0
0.0,1.0,17.0,12.0
0.5,0.75,15.0,5.0
1.25,0.75,12.0,13.0
0.25,1.5,21.0,12.0
0.25,0.25,17.0,5.0
0.25,0.75,12.0,13.0
1.0,0.25,15.0,19.0
0.0,1.0,16.0,3.0
0.5,0.75,16.0,22.0
0.0,0.75,13.0,0.0
0.0,0.0,15.0,4.0
0.0,1.5,19.0,5.0
0.0,0.5,17.0,7.0
0.0,1.25,13.0,16.0
0.0,0.0,18.0,9.0
0.75,0.75,17.0,10.0
0.0,0.0,8.0,17.0
0.75,0.25,15.0,12.0
0.0,0.0,9.0,18.0
0.0,0.25,18.0,13.0
0.0,0.25,13.0,15.0
0.0,0.75,10.0,14.0
0.75,0.25,9.0,12.0
0.25,1.0,10.0,6.0
0.25,2.0,18.0,12.0
0.0,0.25,13.0,6.0
0.0,0.0,11.0,11.0
0.0,2.0,12.0,15.0
0.0,0.25,6.0,13.0
0.25,0.75,11.0,15.0
0.5,1.0,18.0,14.0
0.0,0.0,10.0,12.0
0.3333333333333333,0.25,19.0,15.0
0.0,0.75,16.0,4.0
0.0,1.25,16.0,3.0
0.0,0.5,17.0,8.0
0.0,1.25,13.0,6.0
0.6666666666666666,1.0,14.0,8.0
0.3333333333333333,1.0,15.0,7.0
0.0,0.0,16.0,14.0
0.0,1.0,9.0,5.0
0.0,2.0,15.0,5.0
0.0,1.25,19.0,14.0
0.0,0.0,14.0,15.0
0.0,1.0,15.0,2.0
0.0,0.75,11.0,12.0
2.0,0.5,9.0,20.0
0.3333333333333333,0.5,15.0,13.0
0.0,0.75,16.0,7.0
0.0,1.25,12.0,5.0
0.0,1.0,16.0,9.0
0.0,0.0,15.0,2.0
0.0,0.25,17.0,8.0
0.3333333333333333,1.0,15.0,7.0
0.0,0.75,15.0,5.0
0.0,1.25,14.0,15.0
1.0,0.5,16.0,7.0
0.0,0.0,18.0,4.0
0.0,1.75,16.0,9.0
0.0,1.25,16.0,3.0
0.3333333333333333,0.0,20.0,12.0
0.0,0.25,19.0,14.0
0.0,1.0,19.0,6.0
0.0,0.0,12.0,11.0
0.0,0.0,18.0,13.0
0.0,1.75,15.0,5.0
0.0,0.0,10.0,7.0
0.0,1.5,18.0,19.0
0.0,0.0,9.0,12.0
0.25,0.25,18.0,11.0
0.0,1.25,9.0,23.0
0.0,1.25,20.0,9.0
0.0,0.0,18.0,12.0
0.0,0.0,11.0,0.0
0.0,0.5,9.0,14.0
0.0,0.0,21.0,16.0
0.3333333333333333,1.0,14.0,11.0
0.0,0.0,10.0,8.0
0.0,0.0,17.0,14.0
0.0,0.75,19.0,5.0
0.0,0.5,12.0,9.0
0.0,2.0,14.0,5.0
0.0,1.5,18.0,4.0
0.3333333333333333,0.0,6.0,14.0
0.0,0.25,16.0,7.0
0.0,0.5,16.0,16.0
1.0,1.25,16.0,14.0
0.0,0.0,10.0,12.0
0.0,0.0,12.0,15.0
0.0,0.0,14.0,6.0
0.0,1.75,18.0,4.0
1.0,0.0,12.0,16.0
0.0,0.0,18.0,12.0
0.0,0.0,13.0,5.0
0.0,0.5,13.0,6.0
0.0,0.0,17.0,11.0
0.0,0.5,20.0,17.0
0.0,0.0,3.0,18.0
0.0,0.75,15.0,5.0
0.0,2.0,13.0,5.0
0.0,0.25,14.0,15.0
0.0,1.0,17.0,4.0
0.0,2.25,18.0,15.0
0.0,0.0,13.0,5.0
0.0,0.0,17.0,14.0
0.3333333333333333,0.5,13.0,10.0
0.0,0.75,14.0,5.0
1.0,0.0,16.0,2.0
0.0,0.0,10.0,14.0
0.0,0.0,16.0,2.0
0.3333333333333333,0.25,10.0,17.0
0.0,0.0,9.0,2.0
1.0,0.0,15.0,13.0
0.3333333333333333,1.0,9.0,3.0
0.0,0.0,16.0,12.0
0.0,0.25,13.0,18.0
0.0,1.0,15.0,13.0
0.0,0.0,19.0,13.0
0.3333333333333333,0.25,11.0,10.0
0.25,1.25,17.0,23.0
0.5,2.0,18.0,18.0
0.0,0.0,20.0,11.0
0.0,1.0,6.0,8.0
0.5,1.5,13.0,21.0
0.75,0.0,15.0,9.0
0.0,0.5,20.0,15.0
0.25,1.25,17.0,11.0
1.0,0.0,12.0,8.0
1.25,0.75,7.0,12.0
0.5,0.25,14.0,13.0
0.25,0.0,7.0,15.0
0.25,1.75,13.0,9.0
0.0,2.25,17.0,2.0
0.0,1.0,9.0,4.0
0.25,0.75,21.0,6.0
0.0,0.0,9.0,8.0
0.0,0.25,21.0,12.0
0.25,0.5,11.0,8.0
0.25,1.0,9.0,15.0
1.0,1.5,19.0,2.0
0.0,0.25,17.0,13.0
0.0,1.25,16.0,2.0
0.75,2.0,13.0,6.0
0.25,2.5,18.0,9.0
0.0,1.5,19.0,4.0
0.0,0.25,11.0,7.0
0.0,0.25,19.0,10.0
0.25,1.0,12.0,11.0
0.75,0.25,15.0,17.0
1.0,1.75,18.0,11.0
0.75,0.5,7.0,11.0
0.0,0.5,14.0,11.0
0.0,1.0,17.0,6.0
1.0,1.5,17.0,13.0
0.0,1.0,17.0,22.0
0.5,1.75,3.0,15.0
0.0,0.5,16.0,7.0
0.5,1.0,12.0,10.0
0.25,1.5,19.0,9.0
0.0,0.5,12.0,10.0
0.0,2.0,16.0,6.0
0.25,2.0,16.0,5.0
0.75,2.0,8.0,15.0
0.0,1.0,15.0,15.0
0.0,0.0,13.0,14.0
1.5,0.0,9.0,20.0
0.75,0.5,15.0,9.0
0.5,0.25,11.0,13.0
0.25,1.0,15.0,10.0
0.0,1.0,13.0,9.0
0.0,1.75,14.0,16.0
0.0,0.0,14.0,8.0
0.75,0.0,13.0,10.0
0.75,0.5,15.0,10.0
0.0,1.75,17.0,10.0
0.0,0.0,15.0,5.0
0.25,1.0,17.0,10.0
0.0,0.0,13.0,10.0
NaN,NaN,9.0,20.0
0.0,0.0,10.0,12.0
0.25,0.25,16.0,10.0
0.0,1.5,15.0,2.0
0.25,0.0,10.0,10.0
0.25,0.0,12.0,11.0
0.0,0.0,21.0,20.0
0.0,0.25,17.0,8.0
0.25,0.5,19.0,15.0
0.0,1.0,7.0,3.0
0.0,1.5,12.0,13.0
0.0,0.75,10.0,16.0
0.25,0.25,16.0,11.0
0.25,1.25,12.0,10.0
0.5,1.75,15.0,6.0
0.0,0.0,16.0,7.0
0.0,0.0,15.0,9.0
0.5,0.5,16.0,6.0
0.0,0.5,11.0,7.0
0.0,0.25,14.0,7.0
0.75,1.25,15.0,6.0
0.0,3.0,13.0,1.0
0.0,1.25,18.0,8.0
0.0,0.25,6.0,13.0
0.3333333333333333,0.25,9.0,23.0
0.0,0.0,9.0,2.0
0.3333333333333333,0.75,12.0,6.0
0.0,0.25,14.0,13.0
0.0,2.5,19.0,8.0
0.0,0.25,12.0,9.0
0.0,0.25,16.0,11.0
0.0,0.5,16.0,16.0
0.3333333333333333,0.25,6.0,20.0
0.0,1.5,17.0,7.0
0.0,1.75,17.0,15.0
1.0,1.5,6.0,15.0
0.0,0.0,18.0,5.0
0.0,0.25,16.0,12.0
0.0,0.75,9.0,10.0
0.6666666666666666,1.5,13.0,10.0
0.0,0.25,12.0,12.0
0.0,1.75,13.0,4.0
0.0,1.5,11.0,7.0
0.0,0.5,20.0,15.0
0.6666666666666666,0.5,8.0,6.0
0.0,2.0,21.0,4.0
0.0,1.25,12.0,10.0
0.0,1.75,18.0,12.0
0.0,0.25,12.0,8.0
0.0,1.5,11.0,13.0
0.0,1.5,21.0,10.0
0.0,2.0,9.0,6.0
0.0,0.75,22.0,7.0
0.0,2.0,18.0,3.0
0.0,0.0,15.0,7.0
0.0,0.0,12.0,19.0
0.6666666666666666,0.0,17.0,20.0
0.0,2.75,18.0,3.0
0.3333333333333333,1.5,15.0,11.0
1.0,0.25,9.0,23.0
0.0,0.0,14.0,16.0
0.0,0.0,4.0,7.0
0.0,1.25,16.0,8.0
0.6666666666666666,0.0,18.0,5.0
0.3333333333333333,1.75,19.0,16.0
0.3333333333333333,2.75,17.0,5.0
0.0,3.0,20.0,3.0
0.0,0.0,14.0,4.0
2.3333333333333335,0.0,9.0,9.0
0.0,0.0,7.0,20.0
1.0,0.25,10.0,14.0
0.25,1.5,11.0,11.0
0.25,1.0,17.0,11.0
1.0,0.25,10.0,11.0
0.0,0.0,18.0,7.0
0.0,0.5,17.0,15.0
0.0,0.25,17.0,12.0
0.25,1.0,6.0,19.0
0.25,2.0,16.0,5.0
0.0,0.25,10.0,11.0
0.0,0.25,19.0,22.0
0.0,0.25,18.0,7.0
0.0,1.0,9.0,6.0
0.25,0.0,15.0,7.0
0.0,0.0,12.0,20.0
0.5,1.5,13.0,6.0
0.0,0.0,18.0,14.0
0.5,0.75,15.0,17.0
0.25,0.0,9.0,22.0
0.75,0.25,14.0,13.0
1.0,0.0,7.0,12.0
0.25,0.75,14.0,11.0
0.75,0.75,10.0,6.0
0.25,1.5,20.0,12.0
0.75,0.0,17.0,11.0
0.25,1.25,6.0,9.0
0.25,0.0,4.0,14.0
0.25,1.75,19.0,13.0
0.0,0.25,14.0,10.0
1.25,1.5,11.0,15.0
0.25,2.0,16.0,3.0
0.0,0.0,10.0,16.0
0.0,0.0,12.0,14.0
0.0,0.5,16.0,13.0
0.0,0.0,3.0,15.0
0.0,1.25,14.0,7.0
0.3333333333333333,1.75,14.0,10.0
0.0,0.25,13.0,4.0
0.0,0.75,16.0,4.0
0.0,0.5,16.0,17.0
0.0,1.5,13.0,6.0
0.0,2.0,13.0,13.0
0.25,1.5,19.0,18.0
0.0,0.0,16.0,11.0
0.0,0.0,17.0,12.0
0.75,0.0,18.0,11.0
0.75,2.5,12.0,15.0
0.5,0.5,23.0,9.0
0.25,0.0,20.0,9.0
0.75,1.75,15.0,5.0
0.0,0.5,16.0,6.0
1.25,2.5,18.0,9.0
0.25,0.5,22.0,11.0
0.0,0.0,17.0,8.0
0.75,0.0,10.0,13.0
0.25,0.25,11.0,10.0
0.25,1.25,11.0,11.0
2.0,1.0,18.0,11.0
0.0,0.5,19.0,15.0
0.6666666666666666,1.0,9.0,11.0
0.3333333333333333,0.0,18.0,8.0
0.0,0.0,18.0,12.0
0.0,0.25,16.0,5.0
0.0,0.25,14.0,10.0
0.0,1.25,19.0,3.0
0.0,0.75,18.0,11.0
0.3333333333333333,1.75,16.0,15.0
0.0,2.0,18.0,9.0
0.0,1.5,5.0,3.0
0.0,1.0,7.0,16.0
0.0,1.5,19.0,9.0
0.0,1.25,11.0,16.0
0.0,0.25,9.0,13.0
0.0,1.0,14.0,7.0
0.0,1.75,12.0,6.0
0.0,0.0,16.0,7.0
0.0,1.25,12.0,8.0
0.0,0.75,16.0,13.0
0.0,0.0,20.0,7.0
0.0,0.5,17.0,8.0
0.0,1.75,11.0,19.0
0.0,2.0,10.0,12.0
0.3333333333333333,1.25,18.0,12.0
0.0,0.0,14.0,10.0
0.0,2.0,15.0,15.0
0.0,0.5,11.0,9.0
0.0,0.75,19.0,9.0
0.0,0.5,16.0,15.0
0.3333333333333333,0.5,18.0,8.0
0.3333333333333333,1.5,14.0,9.0
0.0,0.0,14.0,6.0
0.0,1.25,15.0,8.0
0.0,1.75,10.0,9.0
0.0,2.25,17.0,9.0
0.0,0.0,14.0,9.0
0.0,1.75,19.0,11.0
0.0,0.0,11.0,22.0
0.0,0.25,11.0,19.0
0.0,2.0,17.0,1.0
0.0,2.0,17.0,5.0
0.0,2.0,19.0,5.0
0.0,2.0,10.0,17.0
0.0,1.75,14.0,6.0
0.3333333333333333,1.5,9.0,18.0
0.0,1.5,11.0,8.0
0.0,0.5,11.0,11.0
0.0,0.25,15.0,13.0
1.3333333333333333,2.25,18.0,16.0
0.0,0.75,13.0,4.0
0.0,0.0,13.0,7.0
0.0,0.75,12.0,9.0
0.0,0.5,13.0,4.0
0.0,1.5,7.0,5.0
0.0,0.0,12.0,5.0
0.0,0.25,21.0,9.0
0.0,1.0,15.0,6.0
1.0,1.0,16.0,15.0
0.0,0.0,14.0,2.0
0.3333333333333333,1.25,20.0,9.0
0.0,0.5,16.0,6.0
0.0,1.75,15.0,3.0
0.0,2.75,14.0,5.0
0.0,2.75,14.0,9.0
0.0,1.0,11.0,4.0
0.3333333333333333,1.5,8.0,20.0
0.0,0.0,16.0,16.0
0.0,2.0,5.0,3.0
0.0,1.25,16.0,10.0
0.0,3.0,8.0,1.0
0.0,0.0,15.0,6.0
0.3333333333333333,1.25,10.0,8.0
0.0,0.75,19.0,15.0
0.3333333333333333,0.0,11.0,18.0
0.0,0.0,16.0,18.0
0.3333333333333333,0.0,17.0,12.0
0.0,1.5,12.0,4.0
0.0,1.75,20.0,1.0
0.0,0.0,8.0,11.0
1.3333333333333333,0.0,9.0,15.0
0.0,1.25,13.0,10.0
0.0,0.75,13.0,6.0
0.6666666666666666,1.25,15.0,11.0
0.0,1.75,10.0,8.0
0.0,0.75,17.0,9.0
0.0,0.5,14.0,10.0
0.0,0.0,5.0,5.0
0.0,1.25,21.0,6.0
0.3333333333333333,0.5,10.0,11.0
0.0,1.25,18.0,3.0
0.0,0.0,13.0,12.0
0.3333333333333333,1.5,13.0,9.0
0.3333333333333333,0.75,13.0,9.0
0.0,0.25,13.0,15.0
0.3333333333333333,0.25,13.0,18.0
0.0,0.0,17.0,12.0
0.0,0.25,17.0,9.0
0.0,0.0,18.0,9.0
0.0,2.0,20.0,10.0
0.0,1.25,15.0,15.0
0.0,0.6666666666666666,9.0,11.0
0.0,0.0,19.0,3.0
0.6666666666666666,1.0,18.0,3.0
0.0,1.5,16.0,3.0
0.0,0.5,12.0,13.0
0.0,0.75,13.0,9.0
0.0,2.25,16.0,5.0
0.0,0.0,17.0,12.0
0.0,1.0,17.0,9.0
0.0,0.5,9.0,8.0
0.0,1.0,15.0,7.0
0.0,2.25,13.0,9.0
0.0,0.0,4.0,6.0
0.0,1.75,15.0,15.0
0.3333333333333333,0.0,13.0,8.0
0.0,0.75,10.0,14.0
0.0,0.0,7.0,14.0
0.0,0.5,17.0,2.0
0.0,0.5,14.0,7.0
0.3333333333333333,1.0,12.0,6.0
0.0,1.0,16.0,21.0
0.0,1.0,14.0,5.0
0.0,0.0,16.0,16.0
0.0,1.0,6.0,20.0
0.0,0.0,18.0,5.0
0.0,1.75,20.0,7.0
0.0,2.0,18.0,8.0
0.0,0.75,5.0,16.0
0.0,0.75,18.0,5.0
0.0,0.0,14.0,13.0
0.0,1.0,14.0,15.0
0.0,1.75,15.0,12.0
0.0,1.75,18.0,8.0
0.0,0.5,21.0,7.0
0.0,1.5,15.0,15.0
0.0,0.5,14.0,19.0
0.0,1.75,18.0,3.0
0.0,1.25,12.0,4.0
0.0,0.75,11.0,13.0
0.0,0.0,18.0,13.0
0.0,2.5,15.0,5.0
0.3333333333333333,0.0,11.0,12.0
0.0,0.0,16.0,7.0
0.0,2.25,13.0,5.0
0.0,3.0,19.0,13.0
0.0,2.25,12.0,16.0
0.0,0.5,14.0,12.0
0.0,1.75,8.0,6.0
0.0,1.0,19.0,7.0
0.0,0.5,17.0,7.0
0.0,0.0,13.0,17.0
0.0,1.5,17.0,12.0
0.0,0.0,17.0,12.0
0.0,0.75,22.0,7.0
0.0,2.0,9.0,6.0
0.0,2.0,15.0,16.0
0.0,0.0,17.0,14.0
0.0,1.0,13.0,13.0
0.0,1.75,18.0,7.0
0.0,3.0,15.0,8.0
0.0,0.75,10.0,16.0
0.0,1.0,13.0,3.0
0.0,0.0,11.0,10.0
0.3333333333333333,0.25,17.0,9.0
0.0,2.75,18.0,4.0
0.6666666666666666,0.0,13.0,10.0
0.0,1.0,16.0,3.0
0.0,0.25,19.0,8.0
0.0,0.75,14.0,5.0
0.0,0.75,9.0,15.0
0.3333333333333333,1.5,15.0,11.0
0.0,0.75,16.0,17.0
0.0,0.5,12.0,14.0
0.0,0.25,4.0,7.0
0.0,1.25,13.0,18.0
0.3333333333333333,0.75,11.0,7.0
0.0,0.0,19.0,13.0
0.0,1.25,13.0,7.0
0.0,0.0,15.0,3.0
0.0,1.5,11.0,10.0
0.0,0.75,15.0,10.0
0.0,0.25,11.0,6.0
0.3333333333333333,1.25,20.0,3.0
0.0,1.5,22.0,5.0
0.0,2.25,18.0,4.0
0.0,0.25,15.0,3.0
0.0,0.0,12.0,12.0
0.0,0.0,19.0,9.0
0.0,2.0,14.0,2.0
0.0,0.25,12.0,5.0
0.0,1.25,20.0,10.0
0.0,0.0,9.0,16.0
0.0,0.0,11.0,18.0
0.0,0.0,14.0,9.0
0.0,0.75,20.0,7.0
0.0,0.75,14.0,1.0
0.3333333333333333,0.5,12.0,11.0
0.0,0.25,14.0,13.0
0.0,2.25,14.0,5.0
0.0,0.75,3.0,17.0
0.0,0.0,16.0,9.0
0.0,1.0,18.0,8.0
0.3333333333333333,0.5,15.0,15.0
0.0,1.75,15.0,7.0
0.0,1.5,17.0,5.0
0.3333333333333333,0.25,11.0,18.0
0.0,0.75,7.0,12.0
0.0,1.0,18.0,12.0
0.0,0.0,16.0,7.0
0.0,2.5,16.0,5.0
0.0,3.0,13.0,7.0
0.0,2.75,16.0,8.0
0.0,1.5,18.0,13.0
0.0,1.75,16.0,13.0
0.0,1.5,18.0,3.0
0.0,1.5,14.0,12.0
0.0,0.75,14.0,23.0
0.0,1.0,16.0,9.0
0.0,2.5,11.0,13.0
0.0,1.75,17.0,7.0
0.6666666666666666,0.0,16.0,4.0
0.3333333333333333,0.0,13.0,13.0
0.0,0.5,12.0,20.0
0.0,0.75,17.0,6.0
0.0,2.0,9.0,6.0
0.0,0.0,11.0,6.0
0.0,1.0,21.0,6.0
0.0,2.0,17.0,4.0
0.0,0.5,16.0,18.0
0.0,0.0,8.0,13.0
0.0,0.25,17.0,10.0
0.0,1.5,15.0,8.0
0.3333333333333333,1.25,10.0,4.0
0.0,0.75,11.0,10.0
0.0,1.0,9.0,16.0
0.0,2.25,18.0,4.0
0.0,1.25,6.0,9.0
0.0,0.25,14.0,7.0
0.0,0.75,15.0,6.0
0.0,0.5,8.0,7.0
1.0,1.0,19.0,3.0
0.0,1.5,17.0,11.0
0.0,0.0,21.0,11.0
0.0,1.0,15.0,9.0
0.6666666666666666,2.0,17.0,14.0
0.0,0.5,7.0,14.0
0.0,0.0,14.0,11.0
0.0,1.75,15.0,5.0
0.0,0.25,5.0,13.0
0.0,0.5,15.0,1.0
0.0,1.0,21.0,9.0
0.0,1.75,13.0,7.0
0.0,0.25,7.0,17.0
0.0,3.0,11.0,4.0
1.0,2.0,22.0,5.0
0.0,0.25,6.0,5.0
0.6666666666666666,1.25,9.0,5.0
0.0,2.25,14.0,1.0
0.0,0.0,15.0,4.0
0.0,0.0,15.0,8.0
0.0,0.25,10.0,4.0
0.3333333333333333,0.5,14.0,13.0
0.0,0.0,15.0,11.0
0.0,0.5,17.0,2.0
0.0,1.75,16.0,5.0
0.0,0.5,17.0,4.0
0.0,0.5,16.0,3.0
0.3333333333333333,0.5,17.0,12.0
0.3333333333333333,0.25,19.0,12.0
0.0,0.0,14.0,0.0
0.0,0.0,18.0,17.0
0.0,1.25,17.0,7.0
0.0,0.25,13.0,10.0
0.0,0.0,19.0,7.0
0.0,0.0,13.0,13.0
0.0,2.5,18.0,8.0
0.3333333333333333,0.75,21.0,12.0
0.0,0.0,15.0,15.0
0.0,0.5,13.0,18.0
0.0,0.25,16.0,18.0
0.0,2.0,19.0,9.0
0.0,1.25,15.0,14.0
0.0,2.0,11.0,8.0
0.0,1.25,16.0,18.0
0.0,1.75,12.0,5.0
1.0,2.5,19.0,12.0
0.0,0.0,9.0,12.0
0.0,0.0,11.0,5.0
0.3333333333333333,2.0,14.0,9.0
0.3333333333333333,1.5,12.0,9.0
0.0,0.25,18.0,10.0
0.0,1.0,14.0,4.0
0.0,0.0,17.0,3.0
0.0,1.0,17.0,4.0
0.75,2.0,18.0,18.0
0.0,0.0,15.0,9.0
0.5,1.5,17.0,14.0
0.5,2.0,19.0,14.0
0.25,1.5,6.0,19.0
0.5,2.0,8.0,17.0
0.0,2.25,14.0,2.0
0.0,0.25,16.0,9.0
0.25,2.0,15.0,7.0
0.0,0.0,7.0,18.0
0.0,0.25,17.0,13.0
0.0,1.0,11.0,10.0
0.25,1.25,12.0,1.0
0.0,0.0,14.0,11.0
0.0,0.5,10.0,8.0
0.5,2.0,20.0,5.0
1.5,0.25,15.0,20.0
0.25,2.5,15.0,11.0
0.5,0.5,6.0,13.0
0.0,0.25,12.0,11.0
0.5,2.0,10.0,11.0
0.25,0.75,16.0,10.0
0.0,1.25,16.0,12.0
0.0,0.0,15.0,21.0
0.0,2.75,19.0,4.0
0.0,1.6666666666666667,7.0,11.0
0.25,1.75,17.0,6.0
0.25,0.5,13.0,18.0
0.0,0.25,20.0,15.0
0.5,1.25,21.0,16.0
0.0,0.5,16.0,15.0
0.75,0.0,6.0,11.0
0.25,0.0,11.0,9.0
1.0,0.0,14.0,14.0
0.0,1.75,13.0,8.0
0.25,0.25,19.0,10.0
0.25,0.0,17.0,17.0
0.5,1.75,21.0,14.0
0.5,0.5,6.0,11.0
0.0,0.0,8.0,13.0
0.25,0.75,14.0,13.0
0.0,0.0,15.0,6.0
0.0,0.0,13.0,9.0
0.75,1.0,12.0,19.0
0.25,1.25,19.0,9.0
0.0,0.75,14.0,7.0
0.5,0.0,7.0,18.0
0.0,0.0,16.0,9.0
1.0,0.5,7.0,6.0
0.0,0.0,13.0,12.0
0.25,0.5,20.0,17.0
1.0,0.0,15.0,20.0
0.0,0.0,5.0,9.0
0.0,0.0,2.0,15.0
0.0,2.0,15.0,21.0
0.0,0.0,15.0,11.0
0.25,1.0,13.0,1.0
0.0,0.75,20.0,18.0
0.0,0.0,14.0,12.0
0.0,0.75,11.0,12.0
0.5,0.5,9.0,13.0
0.5,2.75,17.0,14.0
0.5,2.75,16.0,15.0
0.0,2.75,15.0,14.0
0.25,0.5,16.0,8.0
1.0,1.25,13.0,10.0
0.5,0.0,17.0,12.0
3.0,1.0,19.0,22.0
0.25,2.25,9.0,15.0
0.25,0.25,17.0,10.0
0.0,0.0,17.0,13.0
0.0,2.5,15.0,16.0
0.0,0.75,19.0,9.0
0.0,0.0,16.0,17.0
0.0,2.5,13.0,11.0
0.25,2.5,13.0,12.0
0.0,0.0,10.0,5.0
0.0,0.0,7.0,12.0
0.0,0.75,15.0,8.0
0.0,0.0,17.0,8.0
0.25,0.75,19.0,15.0
0.5,1.5,20.0,17.0
0.0,1.25,15.0,6.0
0.5,1.75,11.0,8.0
0.75,1.25,7.0,11.0
0.25,0.25,14.0,8.0
0.0,0.75,14.0,11.0
0.0,1.25,16.0,10.0
0.75,0.75,10.0,15.0
0.0,0.5,9.0,10.0
0.0,0.0,15.0,6.0
0.0,0.5,10.0,9.0
1.75,0.0,4.0,17.0
0.75,1.0,15.0,6.0
0.75,1.5,16.0,4.0
0.5,3.0,19.0,10.0
0.5,1.5,8.0,17.0
0.25,0.5,17.0,17.0
0.5,2.5,14.0,9.0
0.0,0.3333333333333333,18.0,3.0
0.0,1.0,19.0,5.0
0.5,1.0,18.0,9.0
0.75,2.0,12.0,23.0
0.25,1.75,14.0,18.0
0.0,0.0,21.0,4.0
0.75,0.25,13.0,8.0
0.0,0.25,12.0,15.0
0.25,0.75,8.0,8.0
0.0,0.25,16.0,4.0
0.0,0.75,14.0,15.0
0.75,2.0,15.0,15.0
0.25,1.75,18.0,4.0
0.0,0.0,15.0,7.0
0.0,0.25,7.0,11.0
0.0,1.0,13.0,4.0
0.75,1.25,7.0,16.0
0.75,1.75,13.0,17.0
1.0,1.0,14.0,8.0
0.25,1.5,16.0,4.0
0.25,1.75,10.0,11.0
0.25,1.0,20.0,8.0
0.0,0.75,17.0,11.0
0.5,0.5,17.0,15.0
0.0,0.0,15.0,9.0
0.0,0.25,18.0,16.0
2.25,0.75,21.0,14.0
0.75,0.75,10.0,11.0
0.5,1.25,18.0,7.0
0.0,0.75,21.0,4.0
0.5,1.75,13.0,16.0
0.0,0.25,13.0,9.0
0.25,0.75,19.0,11.0
0.5,1.0,17.0,11.0
0.0,0.25,16.0,13.0
1.75,1.75,15.0,20.0
0.5,0.75,21.0,20.0
0.0,0.0,15.0,15.0
1.0,0.25,14.0,14.0
0.25,2.0,13.0,12.0
1.0,1.75,17.0,11.0
0.75,1.25,12.0,11.0
0.0,0.0,15.0,17.0
0.5,1.25,18.0,11.0
0.0,0.0,12.0,10.0
0.0,0.0,15.0,18.0
0.0,0.0,9.0,7.0
0.25,1.0,15.0,11.0
0.25,0.25,8.0,13.0
0.0,0.0,13.0,12.0
0.25,0.25,17.0,18.0
0.0,0.25,16.0,7.0
0.5,0.25,14.0,5.0
0.25,0.0,11.0,12.0
0.25,1.5,14.0,8.0
1.0,0.0,5.0,9.0
0.0,2.0,11.0,16.0
0.25,0.25,19.0,14.0
0.75,0.0,10.0,11.0
0.0,1.0,14.0,9.0
0.0,3.0,14.0,3.0
0.0,0.0,7.0,18.0
1.25,0.5,9.0,20.0
0.75,0.0,18.0,15.0
0.25,0.5,12.0,10.0
0.25,1.5,12.0,15.0
0.25,0.0,12.0,12.0
0.25,0.0,10.0,20.0
0.5,2.0,15.0,11.0
1.5,0.5,15.0,19.0
0.0,0.0,10.0,11.0
0.0,1.25,14.0,13.0
0.75,1.75,16.0,18.0
0.75,0.0,16.0,19.0
0.25,0.0,17.0,10.0
0.25,1.5,15.0,5.0
0.25,3.0,14.0,4.0
0.0,0.5,17.0,13.3
0.25,0.5,9.0,15.0
0.0,0.75,17.0,4.0
0.0,0.75,18.0,13.5
0.0,0.0,13.0,18.0
0.0,1.25,17.0,1.0
0.25,0.0,13.0,9.0
0.25,0.0,13.0,12.0
1.0,0.75,18.0,8.0
0.0,0.5,8.0,9.0
0.0,1.5,15.0,8.0
0.0,0.0,15.0,11.0
0.0,0.5,12.0,5.0
0.0,1.5,10.0,10.0
0.0,0.75,15.0,5.0
0.75,1.0,10.0,13.3
0.25,0.25,8.0,8.0
0.0,0.0,16.0,13.0
0.25,0.75,12.0,11.0
0.75,2.25,16.0,2.0
0.0,0.75,18.0,11.0
0.25,0.0,15.0,14.0
0.0,0.5,18.0,6.0
0.75,0.25,14.0,9.0
0.25,1.0,17.0,13.0
0.25,0.0,11.0,22.0
0.25,0.75,13.0,3.0
0.25,1.6666666666666667,17.0,11.0
1.0,0.25,19.0,12.0
0.0,0.75,16.0,9.0
0.5,0.5,19.0,12.0
1.0,1.25,18.0,12.0
0.0,1.25,19.0,4.0
1.25,2.0,15.0,4.0
0.25,0.25,16.0,10.0
2.5,1.75,10.0,13.0
0.25,1.0,20.0,3.0
0.75,1.5,9.0,11.0
0.25,1.5,12.0,14.0
0.25,0.0,13.0,14.7
0.5,1.25,15.0,6.0
0.25,2.25,14.0,10.0
0.0,1.0,15.0,8.0
1.25,0.75,10.0,21.0
0.75,1.5,15.0,8.0
0.5,0.5,18.0,13.0
0.0,0.0,15.0,2.0
0.0,2.5,19.0,7.0
0.25,0.25,5.0,13.0
0.25,1.75,14.0,12.0
0.0,0.0,11.0,3.0
0.0,0.0,17.0,7.0
0.5,1.25,11.0,13.0
0.0,0.25,16.0,6.0
0.0,1.0,10.0,22.0
0.0,0.0,18.0,3.0
0.0,0.25,19.0,4.0
0.0,1.0,19.0,9.0
0.25,0.25,19.0,17.0
0.25,0.75,10.0,5.0
0.25,1.25,17.0,9.0
0.75,0.5,17.0,11.0
0.5,0.75,16.0,11.0
0.25,0.75,16.0,14.0
0.0,2.0,16.0,5.0
0.25,2.25,12.0,5.0
0.5,0.75,15.0,11.0
0.25,0.75,9.0,4.0
